{"cameraMode":{"drawMode":0,"name":"Shaded","section":"Shading Mode"},"sceneLighting":false,"audioPlay":false,"sceneViewState":{"m_AlwaysRefresh":false,"showFog":true,"showSkybox":false,"showFlares":true,"showImageEffects":true,"showParticleSystems":true,"showVisualEffectGraphs":true,"m_FxEnabled":true},"in2DMode":false,"pivot":{"x":-196.70822143554688,"y":-85.95379638671875,"z":198.48513793945313},"rotation":{"x":0.23448939621448518,"y":-0.048968974500894549,"z":0.011827927082777024,"w":0.9708114266395569},"size":231.9214630126953,"orthographic":false}