{"cameraMode":{"drawMode":0,"name":"Shaded","section":"Shading Mode"},"sceneLighting":false,"audioPlay":false,"sceneViewState":{"m_AlwaysRefresh":false,"showFog":true,"showSkybox":false,"showFlares":true,"showImageEffects":true,"showParticleSystems":true,"showVisualEffectGraphs":true,"m_FxEnabled":true},"in2DMode":false,"pivot":{"x":10.933910369873047,"y":23.325334548950197,"z":-12.89572525024414},"rotation":{"x":0.14349892735481263,"y":0.007422360125929117,"z":-0.0010762204183265567,"w":0.9896224141120911},"size":103.15361022949219,"orthographic":false}