{"cameraMode":{"drawMode":0,"name":"Shaded","section":"Shading Mode"},"sceneLighting":false,"audioPlay":false,"sceneViewState":{"m_AlwaysRefresh":false,"showFog":true,"showSkybox":false,"showFlares":true,"showImageEffects":true,"showParticleSystems":true,"showVisualEffectGraphs":true,"m_FxEnabled":true},"in2DMode":false,"pivot":{"x":-116.61001586914063,"y":-115.08135986328125,"z":3.905156373977661},"rotation":{"x":-0.013344468548893929,"y":0.9856992959976196,"z":-0.13990604877471925,"w":-0.09373997151851654},"size":265.18377685546877,"orthographic":false}