{"cameraMode":{"drawMode":0,"name":"Shaded","section":"Shading Mode"},"sceneLighting":false,"audioPlay":false,"sceneViewState":{"m_AlwaysRefresh":false,"showFog":true,"showSkybox":false,"showFlares":true,"showImageEffects":true,"showParticleSystems":true,"showVisualEffectGraphs":true,"m_FxEnabled":true},"in2DMode":false,"pivot":{"x":75.20265197753906,"y":99.08173370361328,"z":-237.99771118164063},"rotation":{"x":0.12110965698957443,"y":0.038702912628650668,"z":-0.004725513514131308,"w":0.9918776154518127},"size":209.1985321044922,"orthographic":false}