{"cameraMode":{"drawMode":0,"name":"Shaded","section":"Shading Mode"},"sceneLighting":false,"audioPlay":false,"sceneViewState":{"m_AlwaysRefresh":false,"showFog":true,"showSkybox":false,"showFlares":true,"showImageEffects":true,"showParticleSystems":true,"showVisualEffectGraphs":true,"m_FxEnabled":true},"in2DMode":false,"pivot":{"x":53.03551483154297,"y":-37.54590606689453,"z":48.693824768066409},"rotation":{"x":0.16568364202976228,"y":0.04407944530248642,"z":-0.0059264651499688629,"w":0.985244631767273},"size":156.5225830078125,"orthographic":false}