{"cameraMode":{"drawMode":0,"name":"Shaded","section":"Shading Mode"},"sceneLighting":false,"audioPlay":false,"sceneViewState":{"m_AlwaysRefresh":false,"showFog":true,"showSkybox":false,"showFlares":true,"showImageEffects":true,"showParticleSystems":true,"showVisualEffectGraphs":true,"m_FxEnabled":true},"in2DMode":false,"pivot":{"x":28.30889320373535,"y":3.5058348178863527,"z":-12.849112510681153},"rotation":{"x":0.21047256886959077,"y":-0.02170308120548725,"z":0.004670919384807348,"w":0.9774038791656494},"size":38.47158432006836,"orthographic":false}