{"cameraMode":{"drawMode":0,"name":"Shaded","section":"Shading Mode"},"sceneLighting":false,"audioPlay":false,"sceneViewState":{"m_AlwaysRefresh":false,"showFog":true,"showSkybox":false,"showFlares":true,"showImageEffects":true,"showParticleSystems":true,"showVisualEffectGraphs":true,"m_FxEnabled":true},"in2DMode":false,"pivot":{"x":-19.644601821899415,"y":1.802668571472168,"z":6.29811954498291},"rotation":{"x":-0.0031564084347337486,"y":0.9963459968566895,"z":-0.041869863867759708,"w":-0.07486968487501145},"size":58.83102035522461,"orthographic":false}